Group 1,Group 2,H,p-value,q-value
case (n=161),control (n=247),1.1298623159611907,0.287804709040712,0.287804709040712
