Group 1,Group 2,H,p-value,q-value
baxter (n=292),zeller (n=116),7.599538258803705,0.005838325077138684,0.005838325077138684
